	0	Colour	Node width
0	C00315	#ff0000	W20
1	C00026	#ff0000	W20
2	C06001	#ff0000	W20
3	C03761	#ff0000	W20
4	C05582	#ff0000	W20
5	C00597	#ff0000	W20
6	C00642	#ff0000	W20
7	C00262	#ff0000	W20
8	C14828	#ff0000	W20
9	C01595	#ff0000	W20
10	C02679	#ff0000	W20
11	C03793	#ff0000	W20
12	C02714	#ff0000	W20
13	C03145	#ff0000	W20
14	C00021	#ff0000	W20
15	C00020	#ff0000	W20
16	C00170	#ff0000	W20
17	C00049	#ff0000	W20
18	C05852	#ff0000	W20
19	C03672	#ff0000	W20
20	C00166	#ff0000	W20
21	C00099	#ff0000	W20
22	C00386	#ff0000	W20
23	C00500	#ff0000	W20
24	C01089	#ff0000	W20
25	C00588	#ff0000	W20
26	C02140	#ff0000	W20
27	C00762	#ff0000	W20
28	C01419	#ff0000	W20
29	C00491	#ff0000	W20
30	C00319	#ff0000	W20
31	C02291	#ff0000	W20
32	C00836	#ff0000	W20
33	C00016	#ff0000	W20
34	C00122	#ff0000	W20
35	C00489	#ff0000	W20
36	C01921	#ff0000	W20
37	C00581	#ff0000	W20
38	C00135	#ff0000	W20
39	C00735	#ff0000	W20
40	C00519	#ff0000	W20
41	C00294	#ff0000	W20
42	C00137	#ff0000	W20
43	C00407	#ff0000	W20
44	C00956	#ff0000	W20
45	C00327	#ff0000	W20
46	C00123	#ff0000	W20
47	C00149	#ff0000	W20
48	C00073	#ff0000	W20
49	C00077	#ff0000	W20
50	C00295	#ff0000	W20
51	C08362	#ff0000	W20
52	C00079	#ff0000	W20
53	C00009	#ff0000	W20
54	C00148	#ff0000	W20
55	C00186	#ff0000	W20
56	C00250	#ff0000	W20
57	C19962	#ff0000	W20
58	C00780	#ff0000	W20
59	C00245	#ff0000	W20
60	C06424	#ff0000	W20
61	C00086	#ff0000	W20
62	C00299	#ff0000	W20
63	C00025	#ff0000	W20
64	C00078	#ff0000	W20
65	C00183	#ff0000	W20
66	C00221	#ff0000	W20
67	C00109	#ff0000	W20
68	C00212	#ff0000	W20
69	C00936	#ff0000	W20
70	C01026	#ff0000	W20
71	C00041	#ff0000	W20
72	C00082	#ff0000	W20
73	C02067	#ff0000	W20
74	C00022	#ff0000	W20
75	C00106	#ff0000	W20
76	C00181	#ff0000	W20
77	C00475	#ff0000	W20
78	C02336	#ff0000	W20
79	C00147	#ff0000	W20
80	C00152	#ff0000	W20
81	C00337	#ff0000	W20
82	C01585	#ff0000	W20
83	C01551	#ff0000	W20
84	C01879	#ff0000	W20
85	C00213	#ff0000	W20
86	C00346	#ff0000	W20
87	C00258	#ff0000	W20
88	C02710	#ff0000	W20
89	C02712	#ff0000	W20
90	C00486	#ff0000	W20
91	C02477	#ff0000	W20
92	C02946	#ff0000	W20
93	C05145	#ff0000	W20
94	C00158	#ff0000	W20
95	C02356	#ff0000	W20
96	C00366	#ff0000	W20
97	C05283	#ff0000	W20
98	C01179	#ff0000	W20
99	C04540	#ff0000	W20
100	C00164	#ff0000	W20
101	C00300	#ff0000	W20
102	C02494	#ff0000	W20
103	C00114	#ff0000	W20
104	C20827	#ff0000	W20
105	C11695	#ff0000	W20
106	C16512	#ff0000	W20
107	C05466	#ff0000	W20
108	C05465	#ff0000	W20
109	C05122	#ff0000	W20
110	C05463	#ff0000	W20
111	C00318	#ff0000	W20
112	C07086	#ff0000	W20
113	C02989	#ff0000	W20
114	C01152	#ff0000	W20
115	C16741	#ff0000	W20
116	C00328	#ff0000	W20
117	C00624	#ff0000	W20
118	C01762	#ff0000	W20
119	C00474	#ff0000	W20
120	C05464	#ff0000	W20
121	C07130	#ff0000	W20
122	C07480	#ff0000	W20
123	C00628	#ff0000	W20
124	C13747	#ff0000	W20
125	C00233	#ff0000	W20
126	C06124	#ff0000	W20
127	C03264	#ff0000	W20
128	C01384	#ff0000	W20
129	C05824	#ff0000	W20
130	C00209	#ff0000	W20
131	C12283	#ff0000	W20
132	C01924	#ff0000	W20
133	C02427	#ff0000	W20
134	C00284	#ff0000	W20
135	C01753	#ff0000	W20
136	C04643	#ff0000	W20
137	C15557	#ff0000	W20
138	C01657	#ff0000	W20
139	C16357	#ff0000	W20
140	C00847	#ff0000	W20
141	C16533	#ff0000	W20
142	C05828	#ff0000	W20
143	C03519	#ff0000	W20
144	C03882	#ff0000	W20
145	C01789	#ff0000	W20
146	C10172	#ff0000	W20
147	C16353	#ff0000	W20
148	C16361	#ff0000	W20
149	C16365	#ff0000	W20
150	C16366	#ff0000	W20
151	C16358	#ff0000	W20
152	C01103	#ff0000	W20
153	C02242	#ff0000	W20
154	C06231	#ff0000	W20
155	C03642	#ff0000	W20
156	C01181	#ff0000	W20
157	C11332	#ff0000	W20
158	C02727	#ff0000	W20
159	C09213	#ff0000	W20
160	C00350	#ff0000	W20
161	C08591	#ff0000	W20
162	C02646	#ff0000	W20
163	C02630	#ff0000	W20
164	C01073	#ff0000	W20
165	C08269	#ff0000	W20
166	C01127	#ff0000	W20
167	C05793	#ff0000	W20
168	C22040	#ff0000	W20
169	C11135	#ff0000	W20
170	C12312	#ff0000	W20
171	C11136	#ff0000	W20
172	C13690	#ff0000	W20
173	C17333	#ff0000	W20
174	C05595	#ff0000	W20
175	C08493	#ff0000	W20
176	C02370	#ff0000	W20
